{"cameraMode":{"drawMode":0,"name":"Shaded","section":"Shading Mode"},"sceneLighting":true,"audioPlay":false,"sceneViewState":{"showFog":true,"showMaterialUpdate":false,"showSkybox":true,"showFlares":true,"showImageEffects":true,"showParticleSystems":true},"in2DMode":false,"pivot":{"x":554.822021484375,"y":59.75914764404297,"z":424.7674255371094},"rotation":{"x":0.16543662548065186,"y":-0.6684615612030029,"z":0.15615573525428773,"w":0.7081274390220642},"size":11.340349197387696,"orthographic":true}