{"cameraMode":{"drawMode":0,"name":"Shaded","section":"Shading Mode"},"sceneLighting":true,"audioPlay":false,"sceneViewState":{"showFog":true,"showMaterialUpdate":false,"showSkybox":true,"showFlares":true,"showImageEffects":true,"showParticleSystems":true},"in2DMode":false,"pivot":{"x":534.1797485351563,"y":59.71173858642578,"z":427.525390625},"rotation":{"x":-0.06250885874032974,"y":0.7919432520866394,"z":-0.08226039260625839,"w":-0.6017957925796509},"size":13.448123931884766,"orthographic":true}