{"cameraMode":{"drawMode":0,"name":"Shaded","section":"Shading Mode"},"sceneLighting":true,"audioPlay":false,"sceneViewState":{"showFog":true,"showMaterialUpdate":false,"showSkybox":true,"showFlares":true,"showImageEffects":true,"showParticleSystems":true},"in2DMode":false,"pivot":{"x":555.0691528320313,"y":56.82770538330078,"z":423.42401123046877},"rotation":{"x":-0.07725956290960312,"y":0.6054723858833313,"z":-0.05922169238328934,"w":-0.7898961901664734},"size":19.25278091430664,"orthographic":true}