{"cameraMode":{"drawMode":0,"name":"Shaded","section":"Shading Mode"},"sceneLighting":true,"audioPlay":false,"sceneViewState":{"showFog":true,"showMaterialUpdate":false,"showSkybox":true,"showFlares":true,"showImageEffects":true,"showParticleSystems":true},"in2DMode":false,"pivot":{"x":525.7168579101563,"y":58.02179718017578,"z":428.15673828125},"rotation":{"x":0.07384572923183441,"y":0.8713230490684509,"z":-0.1383788138628006,"w":0.46497127413749697},"size":6.712986469268799,"orthographic":true}