{"cameraMode":{"drawMode":0,"name":"Shaded","section":"Shading Mode"},"sceneLighting":true,"audioPlay":false,"sceneViewState":{"showFog":true,"showMaterialUpdate":false,"showSkybox":true,"showFlares":true,"showImageEffects":true,"showParticleSystems":true},"in2DMode":false,"pivot":{"x":549.226318359375,"y":58.62250518798828,"z":424.5239562988281},"rotation":{"x":0.17872880399227143,"y":-0.7289280295372009,"z":0.20762835443019868,"w":0.6274270415306091},"size":8.241500854492188,"orthographic":true}